original,translation
Cyraneica (UK Lybia),Ø¨Ø±Ù‚Ù‡
Wangunks,Wangunks
Champagne & Aishihik,Champagne & Aishihik
Santo Domingo (Spain),Ø³Ø§Ù†ØªÙˆ Ø¯ÙˆÙ…ÛŒÙ†Ú¯Ùˆ
Kanauj,Ù‚Ù†ÙˆØ¬
Republic of KrakÃ³w,Ø´Ù‡Ø± Ø¢Ø²Ø§Ø¯ Ú©Ø±Ø§Ú©ÙˆÙ
KaimbÃ©,KaimbÃ©
Opelousas,Ø¢Ù¾Ù„ÙˆØ³Ø³ØŒ Ù„ÙˆØ¦ÛŒØ²ÛŒØ§Ù†Ø§
Saint Kitts and Nevis (UK),Ø³Ù†Øª Ú©ÛŒØªØ³ Ùˆ Ù†ÙˆÛŒØ³
Yuat,Yuat
Ben 'Zaa/BinnizÃ¡/MÃ©n Diiste/Bene Xhon (Zapoteco),Ben 'Zaa/BinnizÃ¡/MÃ©n Diiste/Bene Xhon (Zapoteco)
Daâ€™naxdaâ€™xw Awaetlatla,Daâ€™naxdaâ€™xw Awaetlatla
Yupangathi,Yupangathi
Wicocomico,Wicocomico
Malla,Malla
Finno-Ugric taiga hunter-gatherers,Finno-Ugric taiga hunter-gatherers
Guadeloupe,Ú¯ÙˆØ§Ø¯Ù„ÙˆÙ¾
Koko-bera,Koko-bera
Cambodia,Ú©Ø§Ù…Ø¨ÙˆØ¬
Mataram,Ù…Ø¯Ø§Ù†Ú¯
Omaguaca,Omaguaca
British East India Company,Ú©Ù…Ù¾Ø§Ù†ÛŒ Ù‡Ù†Ø¯ Ø´Ø±Ù‚ÛŒ Ø¨Ø±ÛŒØªØ§Ù†ÛŒØ§
Bosnia,Ø¨ÙˆØ³Ù†ÛŒ
Tepehuane,Tepehuane
Olmec,Ø§ÙˆÙ„Ù…Ú©
LÉ™nape Haki-nk (Lenni-Lenape),LÉ™nape Haki-nk (Lenni-Lenape)
Papago,Papago
MundurukÃ¢nia (Wuy jugu),MundurukÃ¢nia (Wuy jugu)
Tojolwinikâ€™otik (Tojolabal),Tojolwinikâ€™otik (Tojolabal)
Jaitmatang,Jaitmatang
Oman (British Raj),Ø¹Ù…Ø§Ù†
Khitans,Ù…Ø±Ø¯Ù… Ø®ÛŒØªØ§Ù†
Uchucklesaht,Uchucklesaht
American Samoa,Ø³Ø§Ù…ÙˆØ¢ÛŒ Ø¢Ù…Ø±ÛŒÚ©Ø§
Biripi,Biripi
Navaho,Ù†Ø§ÙˆØ§Ù‡Ùˆ
OnÃ¶ndowa'ga:' (Seneca),OnÃ¶ndowa'ga:' (Seneca)
Wolastoqiyik Wahsipekuk (Maliseet),Wolastoqiyik Wahsipekuk (Maliseet)
Nari Nari,Nari Nari
Homo heidelbergensis,Ø§Ù†Ø³Ø§Ù† Ù‡Ø§ÛŒØ¯Ù„Ø¨Ø±Ú¯ÛŒ
KadiwÃ©u,KadiwÃ©u
Awsa,Awsa
Entiat,Ø§Ù†ØªÛŒØ§Øª
Toara,Toara
Cusabo,Cusabo
Levantine Corridor (Neolithic Farmers),Ú©Ø±ÛŒØ¯ÙˆØ± Ø´Ø§Ù…
Mauretania,Mauretania
Guna of MadugandÃ­,Guna of MadugandÃ­
Nanti,Nanti
Tacana,ØªØ§Ú©Ø§Ù†Ø§
Cape Fear,Cape Fear
Taiwanese Tribes,Ù‚Ø¨Ø§ÛŒÙ„ ØªØ§ÛŒÙˆØ§Ù†ÛŒ
Hispaniola (Spain),Ù‡ÛŒØ³Ù¾Ø§Ù†ÛŒÙˆÙ„Ø§
Pascua Yaqui,Pascua Yaqui
Virginia,ÙˆÛŒØ±Ø¬ÛŒÙ†ÛŒØ§
Portuguese Brazil,Ø¨Ø±Ø²ÛŒÙ„ Ù…Ø³ØªØ¹Ù…Ø±Ø§ØªÛŒ
Abnaki,Abnaki
Paekche,Ø¨Ú©Ø¬Ù‡
Tjungundji,Tjungundji
Watassid Morocco,ÙˆØ·Ø§Ø³ÛŒØ§Ù†
Paipai (Akwa'ala),Paipai
Kokatha,Kokatha
Hopitutskwa,Hopitutskwa
Nhuwala,Nhuwala
Nguni,
Wisijsa,
Blackfoot,
Chelamela,
Upper Kuskokwim,
T'atsaot'ine,
Teotihuacï¿½n,
Nadleh Whut'en,
Marksville Culture,
Nepal,Ù†Ù¾Ø§Ù„
Vacacocha,
Calabar,
Czechoslovakia,
Kwakwaka'wakw,
Ninticoy,
Samoa,
Kriol,
Madras,
Air,
Nahuas,
Pequawket,
Kundjeyâ€™mi,
Mescalero,
Western Roman Empire,
Adena Culture,
Hindu Shahis,
British American colonies,
Solankis,
Athabascan,
Accra,
Samnites,
Lavo,
Kingdom of Sardinia,
Sinhalese kingdoms,
Gurindji,
SatarÃ©-MawÃ©,
Mandjindja,
Occaneechi,
Germany (Soviet),
Bosporian Kingdom,
Wuthathi,
Trinidad,
Miccosukee,
Nan-Zhao,
Kitu Kara,
Quazaq Khanate,
Susquehanna,
Tibeto-Burmanese,
Guajajara,
Baden,
Champa,
Huetar,
Gundungurra,
Ka'apor,
Plains Miwok,
Elam,
Habsburg Netherlands,
Quebec,
MochÃ³,
Havasupai,
Geats,
FernandeÃ±o Tataviam,
Nyawaygi,
Guacata,
Pewa,
Czech Republic,
Italy,
Shoshone-Bannock,
Marrithiyel,
Guanaca,
Graton Rancheria,
BarÃ©,
Vice Royalty of Peru,
Turingians,
Vietnam,ÙˆÛŒØªÙ†Ø§Ù…
Itonama,
Chernoles culture,
Navarre,
Ngalawangka,
Papuans,
Djirbalngan,
Takrur,
Hindu kingdoms,
Tlinoit,
Kingdom of Norway,
Kurnai,
Popeloutchom (Amah Mutsun),
Cheras,
KantarurÃ©,
NadÃ¶b,
Onawmanient,
Wardaman,
Kazakhstan,Ù‚Ø²Ø§Ù‚Ø³ØªØ§Ù†
Wallis and Futuna Islands,
Totonaco,
SecwepemcÃºl'ecw (SecwÃ©pemc),
Enets,
Å¡xÊ·mÉ™Î¸kÊ·É™yÌ“É™maÉÉ¬ tÉ™mÉ™xÊ· (Musqueam),
Helvetic Republic,
Georgia,Ú¯Ø±Ø¬Ø³ØªØ§Ù†
Mon-Khmer,
Tsa'chila,
Wergaia,
Funan,
Lipi,
Kooma,
Lesotho,
Selk'nam,
Itelmen,
Iogys,
New France,
Kawahib (Parintintin),
Dendi Kingdom,
Caloosahatchee cultureure,
German E. Africa (Tanganyika),
Korubo,
Arikara,
Gupta Empire,
Oromo,
Morocco (France),
Waymaq,
Thalanyji,
Manioc farmers,
Ouighurs,
Wakabunga,
YurutÃ­,
Barranbinya,
Tamien Nation,
Chuds,
Hoopa (Reservation),
nuuÄaanÌ“uuÉ«Éatá¸¥ nismÌ“a (Nuu-chah-nulth),
Zululand,
Lebanon,Ù„Ø¨Ù†Ø§Ù†
Gananggalinda,
NÃ¼kak MakÃ¼,
BarÃ­,
Awytyza,
Winaq Qoâ€™ (Mam),
Algeria (France),Ø§Ù„Ø¬Ø²Ø§ÛŒØ±
Lusatian culture,
Nawa,
Sana,
Zaire,Ø²Ø¦ÛŒØ±
Paracas,
Totonac,
Kalapuya,
Mandatory Palestine (GB),
Yup'ik & Cup'ik,
Proto-Tibetan cultures,
"Cayuse, Umatilla and Walla Walla",
Yaruro/PumÃ©,
Ngawun,
Kokowarra,
MatetamÃ£e/Cinta Larga,
Gaya,
Grenada,
Acjachemen (JuaneÃ±o),
KrÄ©catijÃª,
Sasanian Empire,Ø´Ø§Ù‡Ù†Ø´Ø§Ù‡ÛŒ Ø³Ø§Ø³Ø§Ù†ÛŒ
Artsakh,
Kingdom of David and Solomon,
Roanoke,
Inca Empire,
Yukagir,
Hittites,
Kingdom of Georgia,
Stellat'en,
West Getaes,
Bornu-Kanem,
Miller,
Maori,
Funj,
Jin Empire,
Paraguay,
Ivory Coast,
Castille,
Armenia,
Thai,
Vasconia,
Greenland,
Poland,
Gitanyow Laxâ€™yip,
Ethiopian highland farmers,
Hafsid Caliphate,
Seminole (Oklahoma),
Aboriginal tribes,
Yiman,
Celtiberians,
Batsil Winik' Otik (Tzotzil),
Nganâ€™gikurunggurr,
Tequesta,
Ngandji,
Eastern NehÃ¢ntick,
Hohenzollern,
VanyumÃ©,
Korea (USSR),
Shiwilu,
Croatian kingdom,
Amangu,
GÃ¼nÃ¼n a atÃ¼k (GÃ¼nÃ¼n a kÃ¼na),
ShÃ­shÃ¡lh,
Khiva Khanate,
Himyarite Kingdom,
Schaumburg-Lippe,
Babylonia,
United Provinces of La Plata,
Kalinga,
Visigoths,
Djibouti,
Aztec Empire,
Yeopim,
AchÃ©,
Janabres,
Frisians,
Urnfield cultures,
MebÃªngÃ´kre (KayapÃ³),
MakÃ¡,
MeÅ¡kwahkiÂ·aÅ¡aÂ·hina (Fox),
Yuggera,
Dieri,
San Poil,
Pentucket,
Nganâ€™giwumirri,
Warekena,
Madagascar (France),
KitsÃ© Chaâ€™tnio (Chatino),
Wonnarua,
Dainggatti,
Bashkirs,
Muckleshoot,
Dharawala,
Oman,
Erie,
Punuba,
Wandjiwalgu,
Conoy,
Pâ€™urhÃ©pecha,
Slovenia,
PuruwÃ¡,
Silla,
Dja Dja Wurrung,
Pinikura,
Kurykans,
Nuxwsa'7aq (Nooksack),
Azerbaijan,Ø¬Ù…Ù‡ÙˆØ±ÛŒ Ø¢Ø°Ø±Ø¨Ø§ÛŒØ¬Ø§Ù†
Bidai,
Saint Barthelemy,
Venice,
Brazil,
Chehalis,
Enlhet,
Sabini,
Couture Complex,
Yeba-masÃ£,
Kalaako/Malpa,
Wardandi,
Magadha,
Wahkiakum,
Rajastan,
Buganda,
Cappadocia,
Novgorod,
Sukhothai,
AchÃ­,
Nigeria,Ù†ÛŒØ¬Ø±ÛŒÙ‡
Shoshoni,
Yana,
Haiti,
Hul'qumi'num Treaty Group,
Pequonnock,
Chiso,
Monte Alb?n,
Wajuk,
Wangkamana,
Pomo,
SahtÃº Gotâ€™ine,
Ahtna Nennâ€™,
Chtimacha,
Eastern North Amercian hunter-gatherers,
E'Ã±epÃ¡,
Purduna,
EmberÃ¡ KatÃ­o/Eyabida,
Lucca,
Sumas,
Tsardom of Muscovy,
Dakapeng culture,
Sicaog (Saukiog),
Vandals,
Qom,
Rajput Kingdoms,
Zaire (Belgium),
Zulu,
Uruguay,
Lithuania,
Greece,
Welsh,
Kariyarra,
Danes,
minor Hindu kingdoms,
Ho-de-no-sau-nee-ga (Haudenosaunee),
Lumbee,
Sissipahaw,
Shan states,
Palouse,
Naniaho,
Larrakia,
Duchy of Swabia,
Chinook,
Warlpiri,
Germany (UK),
Sikkim (Indian princely state),
Vallabhi,
Cuitlatec,
Dominican Republic,
Almoravid dynasty,
Yuhaviatam/Maarengaâ€™yam (Serrano),
[GÃ¡uigÃº (Kiowa),
WayÃºu,
Sotho,
Moche,
Wet'suwet'en Yintikh,
Confederated Tribes of Grand Ronde,
Cahulia,
Tulalip,
KurÃ¢,
Yamato,
Wulgurukaba,
Sacapultec,
UmurecoÃ³majÃ¡ (Tatuyo),
Mnicoujou,
Leco,
Nipmuc,
Kuthant,
Han Zhao,
Arapaho,
Virgin Islands (Danemark),
Serano,
Kiowa-Comanche-Apache (Oklahoma),
Ngumbarl,
Eastern Shoshone,
Taos Pueblo,
Klamath,
Brandenburg,
Warlmanpa,
Quapaw,
Nahua (Mexico),
Visigothic Kingdom,
Montagnais Innu,
Soomra Emirate,
Jaru,
Walimanai (Baniwa),
Abyssinia,
Kelteminar culture,
TonokotÃ©,
Stz'uminus,
Cochin,
Yangman,
Bell-shaped burials culture,
Khanate of Sibir,
Ngombur,
AikanÃ£,
Ngaliwuru,
Ovimbundu,
Wargamaygan,
Kukatja,
Kansa,
Austria,
Doolboong/Miriwoong,
Aparai,
Holstein,
Macorix,
Manchuria,
Indonesia,Ø§Ù†Ø¯ÙˆÙ†Ø²ÛŒ
Proto-Scythian culture,
Ngargad,
Malacatos,
Ais,
Ket Chonhabâ€™ Kobâ€™a (Chuj),
Batavian Republic,
Wahpekute,
British Somaliland,
Seleucid Kingdom,
PataxÃ³,
Winyah,
Saluda,
Wabanaki (Dawnland Confederacy),
Guenoa-Muinanes,
Caddo,
Ptolemaic Kingdom,
Achumawi,
Gujarat,
Yitha Yitha,
Takelma,
Cuxhaven,
Guinea,
Laurel complex,
KaÃ±ari,
Obiwa,
Malawi,
Koryaks,
Estonia,
Kingdom of Zunbil,
Neanderthal,
Nassau,
ZioBain (Siona),
Highland Mesolithic Hunter-Foragers,
Malak malak,
Niue,
Yurok,
Russia,Ø±ÙˆØ³ÛŒÙ‡
Korea,
Popoluca (mixe-zoque),
Ngarti,
Dutch Guiana,
Arabs,
Proto-Altaic pastoralists,
Wangkathaa,
Tsnungwe,
Principality of Wallachia,
PemÃ³n,
Bribri,
Tsimaneâ€™,
Ayoreo,
Sind,
Dokapuara (Tuyuca),
Mardu,
Pandya state,
"Ã,LEá¹ˆENEÈ» È½TE (WÌ±SÃNEÄ†)",
Yanomami,
Djabuganjdji,
Afghanistan,Ø§ÙØºØ§Ù†Ø³ØªØ§Ù†
Ungazigmit (Chaplino) Yupik,
Ato trading confederacy,
Achires,
Saxony,
Tripolitania,
Methow,
Gambia,
Cuba (Spain),
Ibadan,
Kichwa del RÃ­o Tigre,
Mahratta states,
Confederated Tribes of Siletz Indians,
Eyaq,
Eastern Masurian culture,
Sanavirones,
Chilula,
Sabirs,
Great Zimbabwe,
ğ“ğ’°ğ““ğ’°ğ““ğ’·  ğ’¼ğ“‚ğ“Šğ’»  ğ“†ğ’»ğ’¿ğ’·  ğ“€ğ’°^ğ““ğ’°^(Osage),
Mashco Piro,
Siberians,
Barasano/PanenoÃ¡,
Saharan pastoral nomads,
SirionÃ³,
Iskonawa,
Plain bison hunters,
Hanover,
Kokomini,
Angola (Portugal),
Koyukon,
Sekakawon,
Suspiaq,
Kuril Islands,
AkwÃª,
Canela RamkokamekrÃ¡,
French Indochina,
Betoy,
Karangpurru,
Kauwets'a:ka,
Piscataway,
Pakajaqi,
Minoan,
Principality of Galicia-Volhynia,
Brunka,
Wuikinuxv (Oweekeno),
We Wai Kum,
Karkhanids,
Qing Empire,
Hindu states,
Germany (France),
Munsee Lenape,
Menomini,
Kelteminar,
Houma,
Oghuz,
Envuga (Kawahib),
Cotonou,
Taiwan,
Skirii,
Yanesha,
Enenlhet-Toba,
Awabakal,
Romania,
Kingdom of Hawaii,
Gojoseon,
Guatemala,
kÃ²rÃ©Î²ahÏ (korebaju/Koreguaje),
Quillacinga,
Gulidjan,
Volga Bulgars,
minor Hindu and Buddhist states,
Pskov,
Massacoes,
Ishir Ybytoso,
Karijona,
In-SHUCK-ch,
Lamalama,
Barundji,
HÃ¶vsgÃ¶l Nuur,
Anasazi,
Dapenkeng culture,
Empire of Alexander,
minor states under Indian influence,
Teppathiggi,
India,Ù‡Ù†Ø¯
Huns,
Iwaidja,
Tamalipueca,
Kwanlin DÃ¼n,
Inga,
Mossi States,
Daces,
Dumnonia,
Ur,
NiÃºachi,
Peoria (Oklahoma),
Cycladic,
Ngamini,
Pisones,
Cyrenaica,
Nanzan,
PopÅ©kare,
Kiskiack,
M?ori,
Khmer Empire,
Dorset,
Jaminjung,
Swedes and Goths,
Yokuts,
Sauk Suiattle,
Assiniboin,
L?beck,
Teutonic Knights,
Asante,
xÌ£Ã Ê¼isla wÌ“Ã¡wÃ­s (Haisla),
Wallmapu (Mapuche),
Jukun,
Bahamas,
Suomi,
Burarra,
PankarÃ¡,
Victoria (UK),
Pintupi,
Spanish Sahara,
Modena,
Kyrgyzstan,
Adena,
Appamattuck,
Malays,
Awngthim,
ParkatejÃª,
Pratiharas,
Frankish Kingdom,
Iceland,
Winikon bÃ¤ lojon/Xkâ€™ukwits/Ajlumob/Otulob (Ch'ol),
Maya chiefdoms and states,
Inkal AwÃ¡,
Pawtucket,
Hunnic Empire,
Caribbean hunter-gatherers,
Kwarizm-Shah,
Austro-Asiatic rice farmers,
Mescalero Apache,
AnambÃ©,
Chontal de Guerrero â€“ Tuxteco,
Koknar,
Poland-Llituania,
Achaemenid Empire,Ø´Ø§Ù‡Ù†Ø´Ø§Ù‡ÛŒ Ù‡Ø®Ø§Ù…Ù†Ø´ÛŒ
Kuwait,Ú©ÙˆÛŒØª
Yuchi,
Athabaskan,
Acaxea,
Western Masurian culture,
Rome,Ø±ÙˆÙ…
Aures,
United Arab Emirates,
Silia,
Anglo-Egyption Sudan,
Chorotega,
Haripunjaya,
Zhoa,
Odrysian Kingdom,
Tamaulipeco tribes,
Otoe-Missouria (Oklahoma),
Nuwuvi (Southern Paiute),
Me-Wuk (Central Sierra Miwok),
Hualapai,
Toromona,
Polanes,
Senegal,Ø³Ù†Ú¯Ø§Ù„
Nansemond,
NÃºu-agha-tÊ‰vÊ‰-pÊ‰Ì± (Ute),
Dehcho Dene,
Hopewell,
Tano,
Luba,
Austria Hungary,
France,
TeotihuacÃ¡n,
Abdelouadides,
Mirning,
Safavid Empire,Ø§ÛŒØ±Ø§Ù† ØµÙÙˆÛŒ
Pechenegs,
Musgamagw Dzawada'enuxw,
Martinique,
Yirandali,
Tharawal,
Ests,
Ponca,
Giya,
Macedonia,
Mayaimi,
Luckiamute,
East Java,
Cimerians,
Nuwhaha,
Miwa,
Hunters-gatherers,
Byzantine Empire,
Tohono O'odham,
Jaqaru,
NivaclÃ©,
Volga-Kamm,
Rapa Nui,
Alawa,
Coree,
Second Samori Empire,
New Hebrides,
Principality of Novgorod,
British Protectorate,
Cayuse,
Wangkangurru,
Muwekma,
Yankton,
Pescado,
Onundagaonoga (Onondaga),
MalÃ©cu,
Yihamwo (Yagua),
Cholulteca,
Guasaves/Tamazulas,
Veps,
Harakbut,
Tilian,
Arabela,
Grand Duchy of Moscow,
Avars,
Delagoa Bay,
PuruborÃ¡,
Perquimans,
Luisiana,
Tsankupi,
Hach Winik (Lacandon),
Tapachulteco (mixe-zoque),
Belgian Congo,Ú©Ù†Ú¯ÙˆÛŒ Ø¨Ù„Ú˜ÛŒÚ©
Mesopotamia (GB),
Tobosos,
ÃšnÄ›tice,
Sri Lanka,
Arara of Volta Grande,
Arrohatec,
Upper Tanana,
Pitta-Pitta,
Mingin,
Chinchoros,
Paleo-Inuit,
Islamic city-states,
Sac and Fox (Oklahoma),
Mattole,
Wappo,
Slavs,
Annam,
DjeoromitxÃ­,
Buyiids,
Yanyuwa,
Trumai,
Ta'an KwÃ¤ch'Ã¤n,
Cheyenne,
Pee Dee,
Marinahua,
Norway,
Angevin Empire,
Lippe-Detmold,
Mamluke Sultanate,
Carthaginian Empire,
Cabiyari/KawiyarÃ­,
Honduras,
Quinault,
Puinave,
French Equatorial Africa,
Limilngan,
Tharrgari,
Phrygians,
EmberÃ¡ ChamÃ­,
Chankas,
Coast Yuki,
Thaayorre,
Karasuk culture,
Han Empire,
Kingdom of Hungary,
Piipaash (Maricopa),
Akimel O'odham (Upper Pima),
Gungurugoni,
Pacahuara,
Bagan,
Nenets,
Yawuru,
Sveves,
Hurrian Kingdoms,
Florida (Spain),
Pennacook,
Champa City States,
Maung,
Beothuk,
Kizh,
Saka Kingdom,
Jeaga,
Yanga,
Ã„lsÃ© (Alsea),
Timurid Empire,Ø§Ù…Ù¾Ø±Ø§ØªÙˆØ±ÛŒ ØªÛŒÙ…ÙˆØ±ÛŒ
Puri,
Nganasan,
Atsugewi,
Monqui,
Jamaica,
Blue Horde,
Donghu tribes,
state societies and Aramaean kingdoms,
Takalak,
Maratha,
Akokisa,
Pallava,
Wyandotte (Oklahoma),
"Coos, Lower Umpqua, Siuslaw",
Pit River,
TuÊ»i Tonga Empire,
Numu (Northern Paiute),
Germany,
Yinggarda,
Tomabela,
We Wai Kai,
Tuscany,
Waanyi,
OmÃ mÃ¬wininÃ¬wag (Algonquin),
Walapai,
Florida,
Wakaya,
San Marino,
,
Saharan Nomadic Tribes,
Tunis,
Portugal,
Mattaponi,
Molalla,
Ming Empire,
Karankawa,
Coquille,
Swedes,
Nez Perce,
Southern Rhodesia,
Miranha,
Madagascar,
AyuukjÃ¤'Ã¤y (Mixe),
Kacha Edze (Urarina),
Ch'orti',
Neustria,
Andronovo,
Kingdom of Antigonus,
Kalinago (Island Carib),
Toba Wei,
Pegu,
Muina Murui / Murui-MuinanÉ¨,
Biloxi,
Bega,
Caloosahatchee culture,
Eastern Pomo,
Chicora,
Parhae,
Bella,
Wawula,
Maitraka Kingdom,
Nakako,
Kamilaroi,
Uyghurs,
KaxixÃ³,
Song Empire,
Mayi-Kutuna,
Dravidians,
Moneton,
Arabia,
Scottalnd,
Chelmia,
Geawegal,
Rajputs,
KamaiurÃ¡,
Mbara,
Simhala,
Copuces,
HÃ±Ã¤hÃ±u (OtomÃ­),
Me-Wuk (Southern Sierra Miwok),
Gadubanud,
Dacia,
Kitanemuk,
West African cereal farmers,
Sapara,
Me-Wuk (Lake Miwok),
Kogui/Kaggabba,
Tenino,
Chiricahua,
YagÃ¡n,
I'tÃ¢rap,
Cherokee (Oklahoma),
MosetÃ©n,
Austroasian rice cultures,
Big Stone Cree,
Kuuku-yaâ€™u,
Angola,Ø¢Ù†Ú¯ÙˆÙ„Ø§
Warluwarra,
EmberÃ¡ DobidÃ¡,
Maskat,
Yidinjdji,
Arma,
Zoâ€™Ã©,
DinÃ© BikÃ©yah,
Cuman Khanates,
Yueban,
Steppe Mesolithic Hunter-Foragers,
Tariana,
Alluvial Lowland Mesolithic Hunter-Foragers,
Tontotuna (TotorÃ³),
Sierra Leone,Ø³ÛŒØ±Ø§Ù„Ø¦ÙˆÙ†
Calusa,
Algiers,
Ditidaht,
Fourche Maline Culture,
Desert hunter-gatherers,
Ubaid,
Kawaiisu,
Rome (Constantinus),
Chinese Warlords,
Ngarluma,
Chatot,
Kakheti-Hereti,
Hanis Coos,
Northern Pomo,
Senegal (FR),Ø³Ù†Ú¯Ø§Ù„
Carnatic,
Kara Khitai Khaganate,
Yazne,
Shmuwich (BarbareÃ±o),
Kazan Khanate,
United States,
Tupis,
Japan,
Yjxa,
Wiwa,
Gunu,
Emirate of CÃ³rdoba,
Mascat,
UkarÃ£ngmÃ£,
Guwa,
Quinnipiac,
BuglÃ© and NgÃ¤bÃ©,
Bulgar Khanate,
Nitassinan (Innu),
Kayambi,
Kuyani,
Great Moravia,
Bosnia and Herzegovina,
Boonwurrung,
KiKiallus,
Oglala,
NÊ‰mÊ‰nÊ‰Ê‰ (Comanche),
Lagunero,
Wendake-NionwentsÃ¯o,
Samis,
Kuuku-yani,
TeotihuacÃ n,
Ghana,ØºÙ†Ø§
Barbados (UK),
Turks and Caicos Islands,
TupinambÃ¡,
Diaguita,
Kuba,
Early combware,
Madija,
RikbaktsÃ¡,
Kiriri,
YudjÃ¡,
Kuwema,
Tigua,
Lokono (Arawak),
Margany,
Circars,
Yemen,ÛŒÙ…Ù†
Massa,
Spanish Guinea,
Canada,Ú©Ø§Ù†Ø§Ø¯Ø§
Assam,
Chukchansi,
Damot,
AwÃ¡,
AÃ±uu,
Choctaw (Oklahoma),
Castile,
Qayqayt,
Kumeyaay,
Salish Kootenai (Flathead),
Montserrat,
Rayados (Borrados),
Ngarla,
BroÃ«rec,
Oldenburg,
Naples,
Luritja,
Lozi,
Fatimid Caliphate,
Polyanians,
Mohegan,
Belize,
Mountain Maidu,
Savoy,
Sultanate of Utetera,
United States of America,
Basks,
Kakinte,
OÄhÃ©thi Å akÃ³wiÅ‹,
TuxÃ¡,
NiitsÃ­tpiis-stahkoii á–¹áŸá’§á§á¨á‘¯á§ á“´á¦á–¾áŸ (Blackfoot / NiitsÃ­tapi á–¹áŸá’§á§á’£á‘¯),
Anatolian tribes,
Ethiopia,Ø§ØªÛŒÙˆÙ¾ÛŒ
Kingdom of Syphax,
Salasaka,
Quiyoughcohannock,
Anggamudi,
Persia,
Irlanda,
Tancalba,
Karluks,
Western Sahara,ØµØ­Ø±Ø§ÛŒ ØºØ±Ø¨ÛŒ
Western Gokturk Khaganate,
Travancore,
ZorÃ³/Pangyjej,
Matagalpa/Cacaopera,
United Kingdom,
Sinkyone,
FÃ©Ã©nemÉ¨naa,
Myaamia,
Dau Nom Wintu,
Slavonic tribes,
Avanti,
Bibbulman,
Philippines,ÙÛŒÙ„ÛŒÙ¾ÛŒÙ†
Warao,
Harapunchai,
Muniche,
Northern Liang,
Dharug,
Apache,
Surinam,
MojeÃ±o,
Sultinate of Zanzibar,
NdÃ© KÃ³nitsÄ…Ä…Ã­Ã­ GokÃ­yaa (Lipan Apache),
Skilloot,
South Africa,Ø¢ÙØ±ÛŒÙ‚Ø§ÛŒ Ø¬Ù†ÙˆØ¨ÛŒ
KÅ HawaiÊ»i PaeÊ»Äina (Hawaiian Kingdom),
Germanic tribes,
Natal,
Matawai,
Kungarakany,
Nicaragua,
Novgorod-Seversky,
Khazars,
Ucluelet,
Barghawata,
,
Punjab,
British East Africa,
Papal States,
Palyku,
Blemmyes,
Pequot,
Pueblos,
S'Klallam,
Pokanoket,
Chiquitano,
Bagirmi,
Granada,
Rwanda (Belgium),
Iranian pastoralists,Ø¯Ø§Ù…Ø¯Ø§Ø±Ø§Ù† Ø§ÛŒØ±Ø§Ù†ÛŒ
Colombia,
Komi,
Wangkumara,
Vishnu-Kundins,
Zayyanid Caliphate,
Liao,
Sasanian dependencies,ÙˆØ§Ø¨Ø³ØªÚ¯ÛŒâ€ŒÙ‡Ø§ÛŒ Ø³Ø§Ø³Ø§Ù†ÛŒ
New South Wales,
French Somaliland,
O-ga-xpa Ma-zhoâ¿ (O-ga-xpa),
Puyallup,
Yandruwandha,
Jicarilla Apache,
Pomeranian culture,
Hitchiti,
Ngwato,
Aaniiih,
Kaarta,
ZacatecoÂ ,
Ahantchuyuk,
Tonkawa (Oklahoma),
Kasi,
Jamamadi,
Valdivia,
Weyanock,
Rashtrakuta state,
Kamerun,
Hi Ui (Pame/Chichimeco Jonaz),
Norte Chico,
Klahoose,
Franche-ComtÃ©,
Costa Rica,
Darumbal,
Miyan,
Pech,
Lil'wat,
Halalt,
Penobscot,
Ahmadnagar,
Birria,
Moose Cree,
Karakalpaks,
Essex,
Juma (Kawahib),
Tanacross,
Xixime,
Rembarnga,
Inuit,
Mozambique (Portugal),
Salish & Kootenai Tribes,
HIghland Mesolithic Hunter-Foragers,
Bangladesh,Ø¨Ù†Ú¯Ù„Ø§Ø¯Ø´
Monte AlbÃ n,
Yoli (Concho),
Dvaravati,
Kingdom of Kapisa,
Rio De Oro,
PykopcatejÃª,
Mysore,
Yanam (Ninam),
Yanktonai,
Yaka,
Umida,
Colchis,
Mon States,
Mysore (Indian princely state),
CochimÃ ,
Alwa,
Saba,
Bukara Khanate,
Marramaninjsji,
Woolna,
Kushan Principalities,
XakriabÃ¡,
Scottland,
Gugu-Badhun,
Eora,
Pamoari,
Tawakoni,
Gunibidji,
Turkey,ØªØ±Ú©ÛŒÙ‡
AngaitÃ©,
Yakima,
Vice-Royalty of Brazil,
Carcross/Tagish First Nation (Yukon),
Powhatan,
Jabirrjabirr,
Celts,
Alazapas,
China,Ú†ÛŒÙ†
Guna Yala,
Kulina Pano,
Kathlamet,
German Empire,
Umoâ¿hoâ¿ (Omaha),
Tjer-di/Teribe Broram,
Aghlabid Emirate,
Kingdom of Pagan,
Chachi,
Nan Chao,
Eritrea,
Totorames,
Axum,
Chahta Yakni (Choctaw),
Poqomchiâ€™,
Principality of Vladimir-Suzdal,
Baltic tribes,
Florence,
Gooty,
Huasteco/Teenek,
Spokane,
Sicangu,
Eeyou Istchee,
Fox,
Guwinmal,
QwÃ»'lh-hwai-pÃ»m (Klickitat),
Thule,
Quechua,
Timotes,
Wunambul,
So'to (Yekuana),
Minang,
Kadambas,
Byelarus,
Sultanate of Delhi,
ManteÃ±o-Huancavilca,
Essequibo,
Senas,
Dyungungoo (Gubbi Gubbi),
Watjarri,
Calvas,
Dominion of Newfoundland,
Oâ€™ de pÃ¼t/AngpÃ¸n (Zoque),
Gunwinggu,
Bosnia-Herzegovina,
Kiikaapoi (Kickapoo),
Tinigua,
Habsburg Austria,
Youghtanund,
Siekopaâ€™aiInte/Aido-PÃ£i (Secoya),
Havasu Baaja (Havasupai),
GitxaaÅ‚a,
Chochenyo,
KisÃªdjÃª,
Stillaguamish,
Tanimuka,
Anguilla,
Benin,Ø¨Ù†ÛŒÙ†
Slovakia,
Kaytej,
Xinjiang,
Ngalakan,
UmukomasÃ£/Desana,
MagÃ¼ta/Ticuna,
WintÊ°uâ€¢ Poâ€¢m (Northern Wintu),
Huni Kuin,
Waorani,
Massachusetts Bay,
Wuningangk,
Palatinate,
Lombard principalities,
Okwanuchu,
Seminole,
French West Africa,
Janos,
Chandellas,
Unggarangi,
Holikachuk,
Congo,Ø¬Ù…Ù‡ÙˆØ±ÛŒ Ú©Ù†Ú¯Ùˆ
EmberÃ¡/Eperara/Ã‰pera,
Sappony,
Qataban,
Kaw (Oklahoma),
Mechoopda,
Dena'ina EÅ‚nena,
Bidjara,
Bilinara,
Kalkadoon,
Vengi,
Australia,
Boii,
Mississaugas of the Credit First Nation,
Katukina,
Wudjari,
Eperara Siapidara,
Zhangzhung Kingdom,
Pallavas,
Syria (France),
Kali,
Egypt,Ù…ØµØ±
Tama Dujo,
Saylan,
Kolla-AtacameÃ±o,
JÅmon,
Bundjalung,
Guarayo,
Guanahatabey,
Innu,
Andyamathanha,
Wappinger,
Unggumi,
Macedon and Hellenic League,
Kâ€™Ã³moks,
Chalukyas,
YurÃ­,
Chisos,
Syilx tmixÊ· (Okanagan),
Garrochambas,
Ã“pata (TegÃ¼ima-Eudebe-Hoba),
Wambaya,
Kijkitat,
El Paraiso,
Malabar,
Kaantju,
Franks,
Dutch settlements,
Turkish Cypriot-administered area,
Croatan,
Inupiaq,
Bulgaria,
Kambeba/Omagua,
Matecumbe,
PericÃº,
Guaycura,
Stentinello culture,
Wajuru,
Cushites,
Mayas,
Cholas,
Japan (USA),
Kingdom of the Two Sicilies,
Matlatzinco/matlatzinteca,
Sobaipuri,
Tenetehara (TembÃ©),
Bengal,
Hoti,
TepehuÃ¡n,
Misak,
ChimÃº,
Yuru,
Middag Kingdom,
Bigambul,
Ifat,
Ganggalida,
Wathaurong,
Arran,
Western NehÃ¢ntick,
New River Shasta,
Coahuiltecan,
Pyu state,
WaÃ­khana,
Burmese,
Ceylon (Dutch),
Harer (Egypt),
Cascades,
Chitonahua/Murunahua,
Zanzibar,
Inuvialuit,
Whilkut,
Cuttatawomen,
Mountain MÃ©tis,
Ha Shuta Enima (Mazateco),
Dene Tha',
Gunggari,
Crow,
Anglo-Saxons,
Teke,
Brushed Pottery culture,
Kakataibo,
Tjerratj,
Juhup-Yuju/YuhupdÃ«h,
Nguburinji,
Kitselas,
Maize farmers,
Roman Republic,
Warsenis,
Runixa Ngiigua (Chocho),
Pocumtuc,
Unangam Tanangin (UnangaxÌ‚ /Aleut),
Mbailundu,
White Russia,
Nobatia,
Wadi Wadi,
Mercia,
Golden Horde,
Malkana,
Bunyoro,
Kalapalo,
Qhara Qhara,
Vice-Royalty of Peru,
Yuma,
Hixkaryana,
Aymara kingdoms,
Hiaitsiihi,
Stoney,
Sintashta,
Montenegro,
Clatskanie,
Finns,
Menominee,
WÃ¼rttemberg,
Klachuris,
Cheraw,
Kluane,
Mandandanji,
Lake Vygozero,
Muruwari,
Holy Roman Empire,
Nakara,
Illinnois,
Amuq D,
Hesquiaht,
Shirvan,
Suruwaha,
minor Hindu & Buddhist states,
Kolla,
Yukpa,
Matlatzinco/Tlahuica/Ocuiltec,
Oto,
Caxas,
Post-Ming Warlords,
Suriname,
Tokugawa shogunate,
Hokuzan,
Waranka,
LaklanÃµ,
Budjari,
Yekooche,
Baraba Baraba,
minor Hindu and Buddhist kingdoms,
Denmark,
LÃ¼beck,
Atakapa Ishak Chawasha,
TumbalalÃ¡,
Omaha,
Paramas,
Amahuaca,
Nimanburu,
Mutumui,
Abbasid Caliphate,
Miami (Oklahoma),
Shuar-Wampis,
YaminawÃ¡,
Touareg,
Lassik,
Yoko Tâ€™aan (Chontal),
Slijuala Xanuc (Chontal),
Wagiman,
Ireland,
Tunisia,ØªÙˆÙ†Ø³
Italian Somaliland,
Poland-Lithuania,
Jardwadjali,
Yavapai,
Basutoland,
Netherlands,
New Caledonia,
Tajikistan,ØªØ§Ø¬ÛŒÚ©Ø³ØªØ§Ù†
Kija,
Dangbon,
PanarÃ¡,
Kâ€™Ã¡Ã¡lÇ« Gotâ€™ine,
Corsica,
Palas,
Yamayeka (Yamaye),
Barotse,
Podunks,
Papous,
Nyul Nyul,
?,
English territory,
"Ye""pÃ¢-masa",
Buandig,
Ngatjumay,
Kuku-yalanji,
Lagos,
Alutiiq (Sugpiaq),
Queensland (UK),
Sambian-Nothangian culture,
Pakistan,Ù¾Ø§Ú©Ø³ØªØ§Ù†
Shiwiar,
Krenak,
Santee,
Yankuntjatjara,
Carcross/Tagish First Nation (BC),
Ibadites,
Emirate of Bin Shal'an,
Chango,
Mehin,
TekohÃ¡ (PaÄ© Tavytera/KaiowÃ¡),
Expansionist Kingdom of Merina,
Rome (Diocletianus),
Hong Kong,
Bundelkhand,
Warumungu,
Mandan,
Colville,
Nespelem,
Alabama,
Pacheedaht,
Jarawara,
Swedenâ€“Norway,
Kelly Lake Metis Settlement Society,
"Korea, Republic of",
NÃ¡ayerite (Cora),
Pima,
Rajput kingdoms,
Surasena,
Westo,
Chopcca,
Kamia,
Scythians,
Warriyangga,
WixÃ¡rika (Huichol),
Ulwas,
South Australia (UK),
Ishir TomÃ¡rÃ£ho,
Guta,
West Germany,
Atikum-UmÃ£,
Karangura,
Toquaht,
Waveroo,
Futa Jalon,
Queets,
Saffarids,
Sahtu,
Monte AlbÃ¡n,
Mdewakanton,
Timurid Emirates,
Ashaninka,
Kediri,
"North American Pacifi foraging, hunting and fishing peoples",
Kankuamo,
Far Eastern SSR,
Sihapsa,
Pankararu,
Dutch Formosa,
Karuwali,
Cahitas,
Almohad Caliphate,
Lan Na,
Biri,
Uzbekistan,
Tuscarora,
Tonga,
Micqanaqaâ€™n,
Modoc,
Other Rus Principalities,
Umbindhamu,
Botswana,Ø¨ÙˆØªØ³ÙˆØ§Ù†Ø§
UtapinÃµmakÃ£phÃµnÃ¡,
Resighini Rancheria (Yurok),
Nomatsigenga,
Congaree,
Ming Chinese Empire,
Ngambri,
minor states,
Ocloya,
Kurtjar,
PayÃ³mkawichum (LuiseÃ±o),
Western Mono/Monache,
Mixtec Empire,
Louisiana,
IneseÃ±o,
Nestucca,
UwottÃ¼ja,
Eastern Roman Empire,
AragÃ³n,
Nguri,
Maiawali,
Warraskoyack,
Futa Toro,
Duwamish,
Asturias,
Wirangu,
Ethiopia (Italy),
,
Wassoulou Empire,
Baradha,
Pamunkey,
Massawomeck,
Kapanawa,
LingÃ­t AanÃ­ (Tlingit),
England,
Nunggubuyu,
Panzaleo,
Mi'kma'ki,
NÃ¼wÃ¼wÃ¼ (Chemehuevi),
Bindjali,
Mazun,
Sugaree,
Rajputana,
Quechan (KwatsÃ¡an),
Makkura,
Homo erectus,
Morocco,Ù…Ø±Ø§Ú©Ø´
sqÌ“É™cÌ“iyÌ“aÉÉ¬ tÉ™mÉ™xÊ· (Katzie),
Huu-ay-aht,
Mayangna,
Flathead,
MiwkoÊ” WaaliÊ”,
Kaska Dena Kayeh,
Patawomeck,
Ngarabal,
Icelandic Commonwealth,
Beaker,
Papuan neolithic farmers,
Chad,Ú†Ø§Ø¯
Emirate of Sicily,
Paspahegh,
Brunswick,
Atakapa-Ishak,
Konbudj,
Ikpeng,
Nehalem,
Sweden,
Bokhara Khanate,
Netherlands Indies,
Liechtenstein,
Badimaya,
Gandhara grave culture,
Chepenefa,
Popti',
Tiahuanaco Empire,
Beylik of Aydin,
Guanahatabeyes,
Goghtn,
OfaiÃ©,
Maya,
Swiss Confederation,
Orissa,
Dutchy of Benevento,
Thompson,
CochimÃƒÂ­,
Empire of Ghana,Ù¾Ø§Ø¯Ø´Ø§Ù‡ÛŒ ØºÙ†Ø§
SanapanÃ¡,
Lickanantay,
Kyivan Rus,
Chinchorro culture,
Kanem,
Yakama,
Muscat and Oman,
Nisenan,
Banggarla,
Saint Lucia,
Wyandot (Anderdon),
Aboriginal Tasmanians,
Czechs,
Ottawa (Oklahoma),
AhÃ© (Kawahib),
Pacamoro,
Viceroyalty of Brazil,
Sabines,
Mangala,
Islamic states,
Kanas,
Golconda,
Papua New Guinea,
Rattanakosin Kingdom,
Esketemculeucw (Esk'etemc),
Malaya,
Yupâ€™ik/Cupâ€™ik,
Nuxalk,
Woodland Cree,
Tuareg Nomadic Tribes,
Southern Cameroon,Southern Cameroon
Cherookee,
Heruli,
Banas,
Laotian states,
Naskapi Innu,
Beaver Lake Cree,
Umpila,
Semites,
Qin,
Maiou,
Bostos,
Heiltsuk,
Kusso,
RankÃ¼lche,
Mandes,
Kashaya,
Swift Creek Culture,
Narva,
Rumsen,
Wariâ€™,
DÃ¢w,
Wakuenai/Walimanai (Kuripako),
Nisqually,
Northern Paiute,
Kingdom of France,
Zacatecs,
Germany (USA),
Balhae,
Seljuk Empire,
GuarijÃ­o/GuarijÃ³,
Kâ€™asho Gotâ€™ine,
Mattamuskeet,
Eritrea (Italy),
Yiiji,
Xhosa,
Muscat,
Chit-dee-ni (Chetco),
East Getaes,
Kitsumkalum,
Neusiok,
Poverty point culture,
Akaitcho,
Dimini,
Dardania,
Wessex,
LeÃ³n,
Zambia,Ø²Ø§Ù…Ø¨ÛŒØ§
Norsemen,
Jiwere,
Me-Wuk (Bay Miwok),
Ohlone,
Hindu Kingdoms,
Ruanruan,
Moratok,
Comanche,
Binbinga,
Zimbabwe,
Goryeo,
Sâ€™atsoyaha (Yuchi),
Cherokee,
Walbis Bay,
Boe,
Nejd,
Naquada I,
Coastal and Woodland Mesolithic Hunter-Foragers,
Parthia,
Wanano/Kotiria,
Pitjantjatjara,
Luxembourg,
Squaxin,
Yue,
Sakhalin (RU),
Gunbalang,
Guinea-Bissau,
Yinwum,
Suren Kingdom,
Ecuador,
Matses (Matis),
Nyasaland,
Western Australia (UK),
Israel,Ø§Ø³Ø±Ø§Ø¦ÛŒÙ„
Curonians,
Bandjigali,
Yamnaya culture,
Seminole Tribe of Florida (Brighton Reservation),
Guyana (Netherlands),
SkwxwÃº7mesh-ulh TemÃ­xÌ±w (Squamish),
Mpalitjanh,
Tunxis,
Meherrin,
Teslin Tlingit Council (Yukon),
Djabwurung,
Bithynia,
Hammonassets,
Seminole Tribe of Florida (Big Cypress Reservation),
Paltas,
Pergamon,
Costanoan,
Cahto,
Namibia,Ù†Ø§Ù…ÛŒØ¨ÛŒØ§
Esse ejja,
Caldwell,
A'i CofÃ¡n/KofÃ¡n,
Swinomish,
Kushan Empire,
Leks,
Bhutan,
Atakapa,
Kwarezm,
Badtjala,
Trucial Oman,
Caohuiltecs,
CochimÃ­,
Savanna hunter-gatherers,
WiYaPeMiAk (Weapemeoc-Yeopim),
Iowa,
Hopewell Culture,
Ngalea,
Britany,
Kullilla,
Multnomah,
Guamares,
Andoa,
Maoris,
Sakurabiat,
Mill Creek Culture,
Shigom,
Kadjerong,
Wetzlar,
Cheyenne-Arapaho (Oklahoma),
Portuguese Guinea,
Chamicuro,
Nunatsiavut,
Inikana/Kukama Kukamiria/Kokama,
Homalco,
Isle de Jean Charles Biloxi-Chitimacha-Choctaw,
Austrian Empire,
Burkina Faso,
Great Khanate,
Tillamook,
Opiscopank,
Yarluyandi,
Sâ€™Ã³lh TÃ©mÃ©xw (StÃ³:loÌ„),
npÌ“É™Å¡qÊ·Ã¡wÌ“sÉ™xÊ· (Wenatchi),
Derbent,
Malay,
Cochin China,
Barunggam,
Nentego (Nanticoke),
Wari,
Northern Yuki,
Kichwa Santarrosino,
Boihaenum,
Pancala,
Abitibiwinni Aki,
ApiakÃ¡,
Huarpe,
Zuni,
Boethuk,
Shellfish gatherers,
Tzjon Non/ Tzo'tyio (Amuzgo),
Shona,
Proto-Slavs,
AruÃ¡,
Central African Republic,Ø¬Ù…Ù‡ÙˆØ±ÛŒ Ø¢ÙØ±ÛŒÙ‚Ø§ÛŒ Ù…Ø±Ú©Ø²ÛŒ
Lake Segozerskoye,
Gooniyandi,
Saipan,
Berber Tribes,
Union of South Africa,
Samish,
RarÃ¡muri (Tarahumara-Guarijio),
Kecoughtan,
Kong Empire,
East Prussia,
Ottoman Sultanate,
Proto-Thai cultures,
Kwakwakaâ€™wakw,
AwajÃºn,
Brothertown,
BodÃ©wadmiakiwen (Potawatomi),
Afanasevo,
Mazahua,
Belgium,
YuracarÃ©,
Moses/Columbia,
Monacan,
Kievan Rus,
Lumnanas,
Nawu,
Burma,Ù…ÛŒØ§Ù†Ù…Ø§Ø±
United States Virgin Islands,
"Nahua ( Morelos, Puebla, Tlaxcala, Veracruz, Hidalgo, San Luis Potosi)",
Somvamsis,
Turcik tribes,
DakeÅ‚ Keyoh (á‘•á—¸á’¡ á—²á˜á‘‹),
Q'eqchi',
South Carolina,
Macuxi,
Bahmani Kingdom,
ditidaqiicÌ“aq disibÌ“aÊ”k (Ditidaht),
Cape Colony,
Polishâ€“Lithuanian Commonwealth,
Wiyot,
Virgin Islands (UK),
Mopan,
ArikapÃº,
KrenyÃª,
Tocobaga,
Pawnee,
Selkirk,
Darkinung,
Pacaxes,
Spain,
Yawarawarka,
Yadhaigana,
Yahooskin,
Sturgeon Lake Cree,
Ava,
Tecuexe,
Sinhalese kingdom,
Chikashsha Yaki (Chickasaw),
WaÃ­pinÃµmakÃ£ (BarÃ¡),
Songhai,
Mughal Empire,
Zhou states,
Guarasugwe,
Wunumara,
Point Peninsula,
Jaburrara,
Namazga,
Mongols,
Steilacoom,
Moravians,
Subarctic forest hunter-gatherers,
Yindjibarndi,
Saudi Arabia,Ø¹Ø±Ø¨Ø³ØªØ§Ù† Ø³Ø¹ÙˆØ¯ÛŒ
Sauk and Meskwaki,
Quileute,
Martuthunira,
Nitaskinan (Atikamekw / Nehirowisi Aski),
Rama,
Tenimo,
Scots,
Umayyad Caliphate,
HalÃ­ti,
Chitimacha,
Bulgars,
Otoe-Missouri (Oklahoma),
Modoc (Oklahoma),
Koasati (Coushatta),
Thailand,ØªØ§ÛŒÙ„Ù†Ø¯
Lower Chinook,
Kalispel,
Sui Empire,
Miami,
Moregena,
Chola,
Mayi-Yapi,
Manchu Empire,
Dutch Guinea,
Iowa (Oklahoma),
OnÊŒyote'aâ€¢ka (Oneida),
Mordvinians,
Swaziland,
Worla,
Sardinia,
Sicily,
Bia MbyÃ¡,
Astrakhan Khanate,
Austro-Hungarian Empire,
Spanish Morocco,
San Carlos Apache,
Trâ€™ondÃ«k HwÃ«châ€™in,
Maratines,
Yorta Yorta,
Peru,
Akawaio/Akawayo,
Goa,
Kawahib (Tenharim),
Kaingang,
Jicarilla,
Hainan,
Aseniwuche Winewak (Rocky Mountain),
Trio/WÃ¼ tarÃ«no,
British Raj,
Khoisan,
Anishinabewaki áŠá“‚á”‘á“ˆá¯á—á‘­,
Barna,
Nyangumarda,
Guamar / Pecchichitane,
Okhotsk culture,
Shogun Japan (Kamakura),
Yayoi,
Kushites,
Winik Atel (Tzeltal),
Georgian Kingdom,
Yolngu,
Australian aboriginal hunter-gatherers,
Laos,Ù„Ø§Ø¦ÙˆØ³
Warray,
Amuwu,
Bardi,
Kurs,
Patwin,
Goths,
Quatsino,
Chelan,
Wadai,
Teslin Tlingit Council (BC),
Mehinako,
Guachichiles,
Liberia,Ù„ÛŒØ¨Ø±ÛŒØ§
Tibetans,
Osage (Oklahoma),
Confederated Villages of Lisjan,
Puerto Rico,
Bantou,
Mesoamerican city-states and chiefdoms,
oÎ¸aakiiwakiâ€§hinaâ€§ki (Sauk),
Wichita,
Arakan,
Gayiri,
Kerma,
Inupiat,
Hatteras,
Yakina,
Mari,
Vatsa,
Julimes,
Seneca-Cayuga (Oklahoma),
Chiapaneco,
TekohÃ¡ (Ã‘andeva - AvÃ¡ GuaranÃ­),
U'wa,
Parthian Empire,
Lipan,
Berbers,
Pomerania,
Yagalingu,
Chafan,
Jawoyn,
Madi Madi,
HÃ¤n,
Azandes,
Kunjen,
Goreng,
Chen-La,
Ndongo,
Yine,
Tastil,
Ngalkbun,
Chavin,
Iraq,Ø¹Ø±Ø§Ù‚
Djargurdwurung,
Burundi,
Switzerland,
Gungabula,
Araona,
Clatsop,
Wankarani,
Skaruhreh/Tuscarora (North Carolina),
Wappynger,
Nizam's Dominions,
Lombardy,
Koreans,
Gwaâ€™Sala-â€˜Nakwaxdaâ€™xw,
city-states,
Nicarao/Nahoa,
Gros Ventre,
Ngadjuri,
Kazembe,
"Mandan, Hidatsa, and Arikara",
Shanenawa,
Saami,
Guinea-Bissau (Portugal),
Dutch East Indies,
Vice Royalty of New Spain,
Umatilla,
Kickapoo (Oklahoma),
White Mountain Apache,
Lahore,
A'uwe,
Geneva,
Northeastern Pomo,
Yamhill,
Huancas,
Nayarit,
Bidar,
Shawanaua,
Walmatjarri,
Saar Protectorate,
Andean hunter-gatherers,
Archaic Amerindian hunter-gatherers,
Gunindiri,
Bakanh,
Southern Paiute,
Shawandasse Tula (Shawanwaki/Shawnee),
Sarmates,
Snuneymuxw,
Purehno,
Kuuvuan KaNianiq,
Hoopa,
Ikitu,
Khanate of the Golden Horde,
RaÅ¡ka,
Petun,
Äáº¡i Viá»‡t,
Turan,
EmberÃ¡,
Luiseno,
AmbalÃ³,
Pawnee (Oklahoma),
Thrace,
Irritilas,
Siam,
Konnaack,
Wateree,
Iron Age megalith cultures,
Schleswig,
Kaxarari,
Thuringia,
Somalia,Ø³ÙˆÙ…Ø§Ù„ÛŒ
Mayi-Thakurti,
Seminole Tribe of Florida (Hollywood Reservation),
England and Ireland,
Castilla,
Hindu kingdoms and republics,
Tjupany,
Karkin,
Yangga,
Dutch Republic,Ø¬Ù…Ù‡ÙˆØ±ÛŒ Ù‡Ù„Ù†Ø¯
Jococobas,
Prot-Altaic pastoralists,
Yeke,
New Zealand,Ù†ÛŒÙˆØ²ÛŒÙ„Ù†Ø¯
Roman Empire,Ø§Ù…Ù¾Ø±Ø§ØªÙˆØ±ÛŒ Ø±ÙˆÙ…
Ts'msyen LaÌ±xyuup (Tsimshian),
Kaniyang,
Mudburra,
Narragansett,
Pocomoke,
Wichita-Caddo-Delaware (Oklahoma),
Snohomish,
Marubo,
Antakarinja,
Ceylon,
Luthigh,
Carthage,
Mauritania,Ù…ÙˆØ±ÛŒØªØ§Ù†ÛŒ
Tonkin,
Ndee/NnÄ“Ä“: (Western Apache),
Aceh,
Subtiaba,
Cow Creek Umpqua,
Gilbert and Elice Islands,
Yalarrnga,
Turrbal,
Nukini,
á’‹á‘¦ áŠá”…á’‹á“„á¤ St'aschinuw (Naskapi),
AÃ³nikenk (Tehuelche),
Jumanos,
Pasto,
Paleo-Siberian hunter-gatherers,
Yoncalla,
Deg Xit'an Ngan' (Deg Xit'an),
New Amsterdam,
Chemapho,
Tsase/Piapoco,
Caliphate of CÃ³rdoba,
Cayubaba,
Atfalati,
Shawnee,
Saharan Pastoral Nomads,
Skykomish,
Fulani Empire,
Gwich'in NaÌ€nh,
Wongaibon,
Principality of Polotsk,
Nabatean Kingdom,
Sura,
Rome (Galerius),
Aucocisco,
Carolingian Empire,
Algeria (FR),
central Asian khanates,
Makurap,
Imperial Japan,
Tututni,
Hunkpapa,
Timucua,
"á£á³á«áªá˜á± Tsalaguwetiyi (Cherokee, East)",
Oghuz Turks,
Kamarupa,
ChanÃ¡,
Hia-Ced O'odham,
Tibetan Empire,
Wailaki,
Semiahmoo,
Michif Piyii (MÃ©tis),
Ainus,
Dadi Dadi,
Toba-Lengua,
Dyo'xaiya-o-Ivo'tsa (Okaina),
Maratha Confederacy,
Tagish,
Xiongnu,
Saint Kitts and Nevis,
Brunei,
Kashmir and Ladakh,
Yugoslavia,
Alamans,
Lenca,
Tjalkanti,
Newe (Western Shoshone),
La Almagra culture,
Khundzi,
Monte Albï¿½n,
Empire of Japan,
sdukÊ·albixÊ· (Snoqualmie),
Xinca,
Khanty,
Ijku (Arhuaco),
scÌ“É™waÎ¸enaÉÉ¬ tÉ™mÉ™xÊ· (Tsawwassen),
Ute,
Mecklenburg-Schwerin,
Weenhayek/WichÃ­,
Pipa Aha Macav (Mojave),
Korea (USA),
Kingdom of Gala,
Beaver,
Nacotchtank (Anacostan),
Winebago,
Caxcan,
Ponca (Oklahoma),
Wiilman,
Gumbainggir,
Meroe,
Lombard duchies,
ComtÃ© de Toulouse,
Waiwai,
Thai Kingdoms,
Nahua (Guerrero),
Nukunu,
Wahpeton,
EnawenÃª-nawÃª,
JupaÃº (Kawahib),
Malaysian Islamic states,
Chimacum,
Otavalo,
Venetia,
ChalAtâ€™iâ€™lo tâ€™sikAti (Chalatâ€™),
MaxakalÃ­,
Lhaqâ€™temish (Lummi),
Ngarigo,
Aymara,
Burgandy,
Thiin,
Chauhans,
Ecuana,
GÃ¶ktÃ¼rks,
Ghaznavid Emirate,
GitxÌ±san LaxÌ±yip,
Togo,ØªÙˆÚ¯Ùˆ
Kingdom of Kassander,
Urartu,
Hopie,
Caxcane,
Western Gangas,
Kaurna Pangkarra,
Yaros,
Sharanahua,
Durdzuks,
Kalaamaya,
Sami,
Anmatyerre,
Choctaw,
CupeÃ±o,
Mahra,
Nogai Horde,
Goshute,
Illyrians,
Chalon,
Cantia,
Ostrogoths,
Tufan Empire,
Coca,
Lower Tohono Oâ€™odham (Lower Pima),
Hejaz,
Kaiabi,
Ktunaxa ÉamakÉis,
USSR,
Nkore,
Me-Wuk (Northern Sierra Miwok),
Mixtecs,
Mexihcah (Triple Alliance),
Nhanta,
Baure,
British Guiana,
Jingili,
Mississauga,
Kuwarra,
Idrisid Caliphate,
Bahawalpur,
TapietÃ©/GuaranÃ­-Ã‘andeva,
Teâ€™mexw Treaty Association,
Karanka,
Tahues,
Walangama,
á“€á¦áƒá”­á¤ áŠá¢á‘­á•€ NÃªhiyaw-Askiy (Plains Cree),
Wik,
Oohenumpa,
Zhow states,
Meru,
Rift Valley States,
Kandy,
Porter,
Eno,
Kuungkari,
Kl'bal Pom Wintu,
Na-cho Nyak Dun,
Dutch Brazil,
BanawÃ¡,
Denmark-Norway,
NÅ‚eÊ”kepmx TmÃ­xÊ· (Nlaka'pamux),
Mbeiwum,
Bosporan Kingdom,
Guam,
Waco,
Nasa,
Nyvukagmit (Naukan),
Tz'utujil,
Bantu,
Cahuilla,
Mozambique,
Mohican,
Kashtik,
Ngurraiillam,
Eastern Mono/Monache,
Muisca,
Kojomk'awi (Konkow),
Tuaregs,
Wangan,
Severians,
Malaysia,Ù…Ø§Ù„Ø²ÛŒ
Kawahib (Jiahui),
Maya Yucateco,
Kinja,
Cumanâ€“Kipchak confederation,
Mexico,
Tashir,
Uru,
Guahibo/Hiwi,
Mbya,
Wounaan,
Oro Win/Oro Towatiâ€™,
Rajput Clans and Small States,
First Samori Empire,
Rome (Maximian),
Algeria,Ø§Ù„Ø¬Ø²Ø§ÛŒØ±
Enlhet-Enenlhet,
Huron,
Salmon River,
Congo (France),Ú©Ù†Ú¯ÙˆÛŒ ÙØ±Ø§Ù†Ø³Ù‡
Niger,Ù†ÛŒØ¬Ø±
Mayi-Kulan,
Guugu-Yimidhirr,
Imerina,
Nom Sus Wintu,
Austronesians,
OdÇ«hwÄ™ja:deË€ (Cayuga),
Karelians,
Chicaksaw,
Chagatai Khanate,
Prussia,
Samanid Empire,
Wattasid Caliphate,
Me-Wuk (Coast Miwok),
Kitasoo/Xai'xais,
Ciguayo,
ApyÃ£wa,
Boriken Taino,
Permians,
Nomlaki,
Toltec Empire,
"Gambia, The",
Puyanawa,
Yankontai,
Algonquin,
Pandyas,
Mexicanero (Nahuas),
Kanem-Bornu,
Patagonian shellfish and marine mammal hunters,
Eduria (Taiwano),
Banjima,
Toboso,
Western Chalukyas,
Gureng Gureng,
Killaka Asanajaqi,
Moqoit,
Mount Tabor Indian Community,
Chinese warlords,
Ramaytush,
Bremen,
KamÃ«ntsÃ¡,
Finnmark,
Quw'utsun,
Polynesians,
Hadramaut,
Apalachees,
Bohanes,
Mahicacn,
Nemay,
Chim? Empire,
Nambikwara,
Nyamal,
Tonkawa,
Anguthimri,
Seminole Tribe of Florida (Immokalee Reservation),
"Korea, Democratic People's Republic of",
Pamlico (Pomouik),
Pisamira,
Murrinh-patha,
German South-West Africa,
Q'ero,
WashtÃ¡ge Moâ¿zhÃ¡â¿ (Kaw / Kansa),
Seminole Tribe of Florida (Tampa Reservation),
Libya,Ù„ÛŒØ¨ÛŒ
Riro,
Balts,
Werowocomoco,
Sivuqaq (St. Lawrence Island) Yupik,
Sinic,
Southern Xiongnu,
Yoreme (Mayo),
Susquehannock,
Gold Coast (GB),
KubÃ©wa/Cubeo,
Emirate of Tiflis,
Mongol Empire,Ø§Ù…Ù¾Ø±Ø§ØªÙˆØ±ÛŒ Ù…ØºÙˆÙ„
Paugussett,
Mangarayi,
XetÃ¡,
pÊŒÊŒsÃ­ÊŒhÊŒ (Andoque/Paasiaja),
Malyangaba,
Argentina,
Natabuela,
Gagudju,
Turkmenistan,ØªØ±Ú©Ù…Ù†Ø³ØªØ§Ù†
Sisseton,
Pirlatapa,
Glades Culture,
Tampachoa (Mansos),
Bactria,
Odawa,
Kosala,
Kingdom of Brazil,
Coqs,
Matsigenka,
Plain-Pottery culture,
Gepids,
Eyak,
Saraguro,
Natchitoches,
GarÃ­funa,
Somi Se'k (Estoâ€™k Gna),
Tongva,
Karajarri,
Caucasian Alans,
Kingdom of Kashmir,
Takla,
Rashtrakuta,
Mohawk (Kalapuya),
Ethiopian HIghland Peoples,
Saxons,
Genoa,
Willapa,
MÃ¡nekenk/Haush,
Kichwa del RÃ­o Pastaza,
Moraughtacund,
Patamona/IngarikÃ³,
Andean states and chiefdoms,
Siuslaw,
HoocÄ…k (Ho-Chunk),
SÃ¡mi,
Kandozi,
Coast Salish,
Assiniboine,
KanienÊ¼kehÃ¡ê‰ka (Mohawk),
Arosaguntacook,
Waldeck,
Wurundjeri,
O'odham Jeweá¸,
Kong,
Kamejeya (Yukuna),
Grand Duchy of Hesse,
Shipibo-Konibo,
Ngarinyin,
Lule,
Mogollon,
Schitsuâ€™umsh (Coeur dâ€™Alene),
Etrurians,
Segu,
Papou,
StÌ“Ã¡tÌ“imc Tmicw (St'at'imc),
Gondwana,
Garingbal,
Arabian pastoral nomads,
Kisapincha,
Saint Martin,
Delaware,
Cuba,
Lunda,
Yugambeh,
Seljuk Caliphate,
French Cameroons,
Syria,Ø³ÙˆØ±ÛŒÙ‡
Lopburi Kingdom,
Muscogee (Oklahoma),
Saugeen Complex,
Pamaps cultures,
Gurjara Pratihara,
Ukraine,
Clackamas,
Guanches,
Syunik,
Croatia,
Wadigali,
Ilkhanate,
Hupd'Ã¤h,
Buyid Emirate,
Accomack,
Achuar,
Greek city-states,
Mbabaram,
Canichana,
Merinides,
Sixteen Kingdoms,
Berar,
Vice-Royalty of New Spain,
Yilba,
Awaswas,
Chimï¿½ Empire,
Late Jomon culture,
Mon state,
French Indo-China,
Shuar,
Mithaka,
Xia,
Tetlit Gwichâ€™in,
Yemen (UK),
Massa-adchu-es-et (Massachusett),
Nauset,
Otomies,
Pijao,
East Francia,
Numidia,
Mauri,
BÃ¯de,
Nazca,
Kurrama,
Dahomey,
Wadjigu,
WaÅ¡iÅ¡iw ÉÃ­tdeÊ” (Washoe),
Austrian Netherlands,
Wayana,
Waxhaw,
Ixil,
Ãƒwa,
Kichwa del RÃ­o Napo,
Shasta,
Chorrera,
Chickahominy,
Terena,
Worimi,
Anhalt,
Nom Ti Pom Wintu,
Fivizzano,
Wadai Empire,
Parikwene,
Tolowa Dee-niâ€™,
Tseâ€™khene,
Amboca,
Gold Coast,
Nan-Yue,
Chola state,
Pilagal'ek,
Guane,
Neolithic Farmers,
Buwayhid Emirates,
Bijapur,
Kunja,
Kenya,Ú©Ù†ÛŒØ§
Gunditjmara,
Hamburg,
Sikhs,
Mesoamerican hunter-gatherers and maÃ¯ze farmers,
Kuyam,
Southern Pomo,
Pagan,
Nyanganyatjara,
Doeg,
Dau Pom Wintu,
Borgu States,
NunatuKavut,
Canaan,
Yuwi,
Kalinago,
TekohÃ¡ (Guarani),
Nunavik,
Ayahuacas,
Malta,
Mbukarla,
Chichas,
Tang Empire,
Fante,
Rwanda,
Comcaâ€™ac (Seri),
Montana,
Twana/Skokomish,
Kalina/KariÃ±a,
Nanrantsouak,
Kureinji,
Bolivia,
Poqomam,
Russian Empire,
Rus' Khaganate,
Picts,
Milan,
Gitgaâ€™at,
Chumash,
Celltic Hallsatt culture,
Jamaica (UK),
Itazipco,
Tungusic Tribes,
Kwini,
Vice-Royalty of New Granada,
Guringai,
Imperial Japan (Fujiwara),
Lambakannas,
Tanana,
TÅ‚Ä±Ì¨chÇ« NdÃ¨,
Oudh,
Trebizond,
Hungary,
Warwa,
Imperial Hungary,
Karapana/Muteamasa,
Konomihu,
Cyprus,Ù‚Ø¨Ø±Ø³
Pinjarup,
Æ›aÊ”uukÊ·iÊ”athÌ£ (Tla-o-qui-aht),
Qatar,
Agwarmin,
AwaetÃ© (Asurini of the Xingu),
Ngaanyatjarra,
Akatziri,
Tokugawa Shogunate,
ZenÃº,
Danggali,
Nonuya,
Transvaal,
TagÃ© Cho HudÃ¤n (Little Salmon/Carmacks),
Wapishana/Wapixana,
Vuntut Gwitchin,
El Salvador,
AmorÃºa,
Celtic kingdoms,
Guachichil,
Uganda,
Oirat Confederation,
Waccamaw (Woccon),
Tepehua,
Bayali,
Kichwa (AmazÃ³nico),
TsÌ‚ilhqotâ€™in Nen,
Siria-masÃ£ (Siriano),
Antigua and Barbuda,
Ambur,
HenÃ®a-Kamiare,
DÃ«nÃ©ndeh,
Jordan,Ø§Ø±Ø¯Ù†
Ryazan,
Salinan,
Denendeh (DÃ«nÃ«sÅ³Å‚inÃ«Ì NÃ«nÃ©),
PataxÃ³ HÃ£-HÃ£-HÃ£e,
Pontremoli,
Missouri,
Chukchi,
Shoalwater Bay,
Malacca,
MatsÃ©s (Mayoruna),
Iran,Ø§ÛŒØ±Ø§Ù†
Winefelly,
Mirambo Unyanyembe Ukimbu,
Winnimem Wintu,
Yinhawangka,
Ngatatjara,
Vijayanagara,
XawiÆšÆš kwÃ±chawaay (Cocopah),
K'iche',
Griqualand West,
Greek colonies,
Muteamasa (KarapanÃ£),
Swabia,
É¬aÊ”amÉ©n gÉ©Ç°É› (Tla'amin/Sliammon),
French Guiana,
Northern Rhodesia,
Yamassee,
Wasco and Wishram,
Pocumtuk,
MeÌ±'phaÌ±aÌ± (Tlapaneco),
TÃ¼batulabal,
Tawahka,
Papuan,
Navajo,
Antarctica,
Alyawarre,
ChanÃ©,
Nahua,
Natchez,
NWT MÃ©tis Nation,
Chesapeake,
Jurruru,
Huaylas,
Wu,
Moldova,
Hohokam,
Potawatomi,
Paleo-Koreans,
Uutaalnganu,
Chowanoke,
Multan,
Oxus,
ChÅ«zan,
Chickasaw (Oklahoma),
Mvskoke (Muscogee / Creek),
Xixia,
Jiwarli,
Kanara,
Saces,
ApsaalookÃ© (Crow),
Eastern Shawnee (Oklahoma),
Winda Winda,
Khoiasan,
Kush,
Guiana,
Esselen,
Venezuela,
Latje Latje,
Hul Kuhkâ€™u,
Martinique (France),
Mongolia,
Masachuset,
Occohannock,
Bukurnidja,
Arabana,
Abenaki / AbÃ©naquis,
Worora,
Rhodesia,
Achagua,
Prussians,
Judea,
Jin,
Ballardong,
PÃ¢ri (Pawnee),
Northern Territory (UK),
Nimiipuu (Nez Perce),
Ottoman Empire,Ø§Ù…Ù¾Ø±Ø§ØªÙˆØ±ÛŒ Ø¹Ø«Ù…Ø§Ù†ÛŒ
Sindh,
White Horde,
Peshemegs,
Acho Dene Koe,
Northmen,
Tasmanian hunter-gatherers,
Kimekâ€“Kipchak khaganate,
ResÃ­garo,
Yuin,
Central Pomo,
Latvia,
Canela ApanyekrÃ¡,
Vazimba,
Guyana,
Opobo,
Chibuleo,
Miskito,
Lemhi-Shoshone,
Charka,
Nungali,
Slavic tribes,
Tibet,
Albania,
Yavapaiv Apache,
Islamic and Hindu states,
Tsuu T'ina,
Oyo,
Atropatene,
Calicuas,
Panama,
Hopi,
Gitgaâ€™at Lax Yuup,
Maranunggu,
Catacomb culture,
Uspantec,
Shoa,
Kingdom of Sukhotai,
Payungu,
Gwitch'in Settlement Region,
Libya (IT),
Copena,
Surui Paiter,
Siletz,
Gunadule (Kuna-Tule),
Irritilas/Lagunero,
Fezzan (Frech Lybia),
Chile,
Shaskanka,
Siginygmit (Sireniki) Yupik,
Cuacasian Albania,
Ngi-iva (Popoloca),
Ã‰pera,
Taino,
Kallawaya,
Kalmar Union,
Rozwi,
Bidwell,
Koguryo,
Yuezhi,
Mara,
Arakan (Indian princely state),
Alans,
Principality of Kyiv,
WaujÃ¡,
Sokoto Caliphate,
Marringarr,
Iron Age chieftainships,
Poteskeet,
Nyaki-nyaki,
Wenrohronon,
Kawahsu,
Yir Yoront,
Milograd culture,
West Francia,
Guna of WargandÃ­,
Southeastern Pomo,
Darfur,
Pissaseck,
Han,
Maya city-states,
Amarak,
Garawa,
Chiricahua Apache,
Ikolen,
N. European Bronze Age cultures,
Kongldom of Hawaii,
Okanagan,
Nor Rel Muk Wintu,
Peramangk,
Sardinia-Piedmont,
Ngarrindjeri,
Manoki,
Adal,
Suquamish,
Tsâ€™uubaa-asatx,
Vakataka,
GuatÃ³,
La TÃ¨ne culture,
NisgÌ±a'a,
Danube Bulgars,
Enxet,
Vedic Aryans,
sÉ™lÌ“ilwÉ™taÉÉ¬ tÉ™mÉ™xÊ· (Tsleil-Waututh),
Ghassul,
Arctic marine mammal hunters,
Cowlitz,
ApinayÃ©,
Coharie,
Movima,
Goodall Focus,
Chimariko (territory),
Barindji,
Srivijaya Empire,
Teton,
Kwikwetlem,
Cree,
Cuica,
Attiwonderonk (Neutral),
Coyutecos (Nahua),
Chapra,
Hupacasath,
Imbangala,
Wemba Wemba,
Rappahannock,
Sahtu Dene and Metis,
Hail,
Japan (Warring States),
Xecora,
Kent,
Deni,
Plateau fichers and hunter gatherers,
Narangga,
Milano (Austria),
Passamaquoddy,
Chalukya Empire,
Asheninka,
Ndebele,
Ã‘uu Savi (Mixtecapan),
Saura,
Rupert's Land,
El Pom Wintu,
Maan,
Yulparitja,
Iningai,
Arabia (Nejd),
ObispeÃ±o,
Kichwa Lamista,
Shita Gotâ€™ine,
Funnel-Beaker,
No'iria,
Haida Gwaii,
United Kingdom of Great Britain and Ireland,
Baltic Tribes,
Chaparra,
Portuguese East Africa,
Nyikina,
Ngarinman,
Kaqchikel,
Nahua (Michoacan),
Ngandi,
Electoral Hesse,
Satavahanihara,
Sultanate of Damagaram,
Ikoots/Kunajts/Ikoojts (Huave),
Zapotec,
Maya states,
Zapotec Empire,
Kingdom of Ireland,
Mali,Ù…Ø§Ù„ÛŒ
Kukatj,
Scotland,
Arameans,
Nongatl,
WÃ´panÃ¢ak (Wampanoag),
Gabon,
Kuru,
Taku River Tlingit,
Acadian Peninsula (UK),
Arawaks,
Saint Vincent and the Grenadines,
Yoeme (Yaqui),
Golkonda,
Ka:â€™yu:â€™kâ€™tâ€™hâ€™/Che:kâ€™tles7etâ€™hâ€™,
Muskogee,
Gharra,
Skagit,
Burgunds,
Amazon hunter-gatherers,
Ainu,
Taungurung,
Serbia,
Peoria,
Mwenemutapa,
Mauryan Empire,
Dumonii,
Sudan,Ø³ÙˆØ¯Ø§Ù†
Shiwinna (Zuni),
Dominica,
Santiam,
GuanÃ¡,
Tupari,
Shawi,
Keyauwee,
Potawatomi-Shawnee (Oklahoma),
Cayenne,
Kiowa,
Andegerebenha,
Tukular Caliphate,
Ciboney,
Lheidli T'enneh,
Poquonook,
Tolupan,
Fiji,
MokanÃ¡,
Africa,
Republic of the Seven Zenden,
Nganyaywana,
Yambina,
Mosquito Coast,
Chinantla (Tsa ju jmÃ­â€™),
Bularnu,
Maijuna,
Iroquois,
Dhirari,
Quuiich (Lower Umpqua),
Rabih az-Zubayr,
Kawashkar,
SamoyÃ¨des,
Sewee,
Assyria,
Tungus,
Karanki,
Secotan,
ChimÃº Empire,
Guachimis,
Magyars,
Kuruaya,
Kichwa,
Veracruz civilization,
Orange Free State,
Bejas,
Tripolitana (UK Lybia),
Luva,
Huari Empire,
Kiliwa,
Burmese kingdoms,
Weenhayek,
Knucati,
Hausa States,
"Tanzania, United Republic of",
Bedouins,
Emirate of the White Sheep Turks,
Q'anjob'al,
Waka Waka,
Arrernte,
Equatorial Guinea,
Togoland,
Yanda,
Thul Garrie Waja (Bindal),
Malagasy,
CharrÃºa,
Nothumbria,
Ngunawal,
Wailwan,
snÊ•ickstx tmxÊ·ÃºlaÊ”xÊ· (Sinixt),
Tekrur,
Mecklenburg-Strelitz,
Nana,
Wiljali,Wiljali
Kwantlen,Kwantlen
Shakori,Shakori
Kingdom of Sind,Ø§ÛŒØ§Ù„Øª Ø³Ù†Ø¯
Osage,Ø§ÙˆØ³ÛŒØ¬â€ŒÙ‡Ø§
KwazÃ¡,KwazÃ¡
Min-Yue,Min-Yue
Wiradjuri,Wiradjuri
Tunica,Tunica
TÄÅ‚tÄn KoneliÌ„ne (Tahltan),TÄÅ‚tÄn KoneliÌ„ne (Tahltan)
Ayutthaya,Ayutthaya
Tutelo,Tutelo
Abipones,Abipones
AwaetÃ©,AwaetÃ©
Vilela,Vilela
Armorica,Armorica
Wanapum,Wanapum
Pallava state,Pallava state
Kingdom of Lysimachus,Kingdom of Lysimachus
Miwok,Miwok
Cheroenhaka (Nottoway),Cheroenhaka (Nottoway)
Karenggapa,Karenggapa
Akan,Akan
Indus valley civilization,ØªÙ…Ø¯Ù† Ø¯Ø±Ù‡ Ø³Ù†Ø¯
Kingfom of Italy,Ù¾Ø§Ø¯Ø´Ø§Ù‡ÛŒ Ø§ÛŒØªØ§Ù„ÛŒØ§
Finland,ÙÙ†Ù„Ø§Ù†Ø¯
Confederated Tribes of Warm Springs,Confederated Tribes of Warm Springs
Parma,Ù¾Ø§Ø±Ù…Ø§
Kaskaskia,Ú©Ø§Ø³Ú©Ø§Ø²ÛŒÚ©Ø§
Catawba,Catawba
Kryvichs,Kryvichs
Miluk Coos,Miluk Coos
Cuicuilco,Cuicuilco
Crete,Ú©Ø±Øª
Giraiwurung,Giraiwurung
Tseshaht,Tseshaht
Gangulu,Gangulu
YawanawÃ¡,YawanawÃ¡
Bavaria,Ø¨Ø§ÛŒØ±Ù†
Apalachee,Apalachee
Gamberre,Gamberre
Barkindji,Barkindji
Karuk,Karuk
KarajÃ¡ do Norte,KarajÃ¡ do Norte
GandhÄra,Ù…Ù†Ø·Ù‚Ù‡ Ú¯Ù†Ø¯Ø§Ø±Ù‡
Wuli-wuli,Wuli-wuli
Netherlands Antilles,Ø¢Ù†ØªÛŒÙ„ Ù‡Ù„Ù†Ø¯
Cameroon,Ú©Ø§Ù…Ø±ÙˆÙ†
Manahoac,Manahoac
IÃ±apari,IÃ±apari
White River-Kluane,White River-Kluane
Bora,Bora
East Germany,Ø¢Ù„Ù…Ø§Ù† Ø´Ø±Ù‚ÛŒ
Barbados,Ø¨Ø§Ø±Ø¨Ø§Ø¯ÙˆØ³
Cahita,Cahita
Makah,Makah
Chono,Chono
Nandtaughtacund,Nandtaughtacund
Gabalbara,Gabalbara
New South Wales (UK),Ù†ÛŒÙˆ Ø³Ø§ÙˆØª ÙˆÙ„Ø²
Saunan,Saunan